Month,Agreement Created,Credit Approved,Disbursed,Login,Login to Credit Approved,Credit Approved to Agreement Created,Agreement Created to Disbursed
2024-04,1781,9778,1640,11997,0.8150370926064849,0.18214358764573532,0.9208309938236946
2024-05,2128,11083,2111,13909,0.7968222014522971,0.1920057746097627,0.9920112781954887
2024-06,1997,10554,1975,12945,0.8152954808806488,0.18921735834754597,0.9889834752128193
2024-07,1698,9985,1683,12558,0.7951106864150342,0.1700550826239359,0.991166077738516
